Workbook

Sheet Trial Data
A1: Trial | B1: Time | C1: Motor | D1: Axis | E1: Commanded Rotation (°) | F1: Measured Rotation (°) | G1: Signed Error (°) | H1: Absolute Error (°) | I1: Percent Error (%) | J1: Software Start (°) | K1: Software End (°)
A2: 1 | B2: 2026-08-13 18:00:29 | C2: 1 | D2: Pitch | E2: 15.075 | F2: 14.388878 | G2: -0.68612218 | H2: 0.68612218 | I2: 4.5513909 | J2: 15.08 | K2: 30.15
A3: 2 | B3: 2026-08-13 18:01:04 | C3: 1 | D3: Pitch | E3: 15.075 | F3: 14.445813 | G3: -0.62918676 | H3: 0.62918676 | I3: 4.1737098 | J3: 0 | K3: 15.075
A4: 3 | B4: 2026-08-13 18:01:24 | C4: 1 | D4: Pitch | E4: 15.075 | F4: 15.063331 | G4: -0.011669221 | H4: 0.011669221 | I4: 0.077407765 | J4: 15.075 | K4: 30.15
A5: 4 | B5: 2026-08-13 18:01:43 | C5: 1 | D5: Pitch | E5: 15.075 | F5: 14.82844 | G5: -0.24655974 | H5: 0.24655974 | I5: 1.6355538 | J5: 30.15 | K5: 45.225
A6: 5 | B6: 2026-08-13 18:02:01 | C6: 1 | D6: Pitch | E6: 15.075 | F6: 14.698558 | G6: -0.37644152 | H6: 0.37644152 | I6: 2.4971245 | J6: 45.225 | K6: 60.3
A7: 6 | B7: 2026-08-13 18:02:20 | C7: 1 | D7: Pitch | E7: 15.075 | F7: 14.994222 | G7: -0.080777515 | H7: 0.080777515 | I7: 0.53583758 | J7: 60.3 | K7: 75.375
A8: 7 | B8: 2026-08-13 18:02:25 | C8: 1 | D8: Pitch | E8: 15.075 | F8: 14.529339 | G8: -0.54566137 | H8: 0.54566137 | I8: 3.6196442 | J8: 75.375 | K8: 90.45
A9: 8 | B9: 2026-08-13 18:02:49 | C9: 1 | D9: Pitch | E9: 15.075 | F9: 14.820292 | G9: -0.25470785 | H9: 0.25470785 | I9: 1.6896043 | J9: 90.45 | K9: 105.525
A10: 9 | B10: 2026-08-13 18:03:03 | C10: 1 | D10: Pitch | E10: 15.075 | F10: 14.758299 | G10: -0.3167014 | H10: 0.3167014 | I10: 2.1008385 | J10: 105.525 | K10: 120.6
A11: 10 | B11: 2026-08-13 18:03:18 | C11: 1 | D11: Pitch | E11: 15.075 | F11: 15.107546 | G11: 0.032545814 | H11: 0.032545814 | I11: 0.21589263 | J11: 120.6 | K11: 135.675
A12: 11 | B12: 2026-08-13 18:03:28 | C12: 1 | D12: Pitch | E12: 15.075 | F12: 14.84546 | G12: -0.22954028 | H12: 0.22954028 | I12: 1.5226553 | J12: 135.675 | K12: 150.75

Sheet Professor Summary
A1: Motor 1 Repeatability — Trial vs Signed Error
A4: Metric | B4: Value | D4: Trend Metric | E4: Value
A5: Number of trials | B5: =COUNT('Trial Data'!G2:G12) -> 11 | D5: Linear slope (°/trial) | E5: =SLOPE('Trial Data'!G2:G12,'Trial Data'!A2:A12) -> 0.034811156
A6: Mean signed error (°) | B6: =AVERAGE('Trial Data'!G2:G12) -> -0.30407473 | D6: Intercept (°) | E6: =INTERCEPT('Trial Data'!G2:G12,'Trial Data'!A2:A12) -> -0.51294167
A7: Standard deviation (°) | B7: =_xludf.STDEV.S('Trial Data'!G2:G12) -> #NAME? | D7: Interpretation | E7: Positive slope = error becomes less negative over repeated trials
A8: Mean absolute error (°) | B8: =AVERAGE('Trial Data'!H2:H12) -> 0.30999215
A9: RMSE (°) | B9: =SQRT(SUMSQ('Trial Data'!G2:G12)/COUNT('Trial Data'!G2:G12)) -> 0.38048664
A10: Minimum signed error (°) | B10: =MIN('Trial Data'!G2:G12) -> -0.68612218
A11: Maximum signed error (°) | B11: =MAX('Trial Data'!G2:G12) -> 0.032545814
A14: Trial | B14: Signed Error (°) | C14: Linear Trend (°)
A15: 1 | B15: ='Trial Data'!G2 -> -0.68612218 | C15: =$E$5*A15+$E$6 -> -0.47813051
A16: 2 | B16: ='Trial Data'!G3 -> -0.62918676 | C16: =$E$5*A16+$E$6 -> -0.44331935
A17: 3 | B17: ='Trial Data'!G4 -> -0.011669221 | C17: =$E$5*A17+$E$6 -> -0.4085082
A18: 4 | B18: ='Trial Data'!G5 -> -0.24655974 | C18: =$E$5*A18+$E$6 -> -0.37369704
A19: 5 | B19: ='Trial Data'!G6 -> -0.37644152 | C19: =$E$5*A19+$E$6 -> -0.33888589
A20: 6 | B20: ='Trial Data'!G7 -> -0.080777515 | C20: =$E$5*A20+$E$6 -> -0.30407473
A21: 7 | B21: ='Trial Data'!G8 -> -0.54566137 | C21: =$E$5*A21+$E$6 -> -0.26926357
A22: 8 | B22: ='Trial Data'!G9 -> -0.25470785 | C22: =$E$5*A22+$E$6 -> -0.23445242
A23: 9 | B23: ='Trial Data'!G10 -> -0.3167014 | C23: =$E$5*A23+$E$6 -> -0.19964126
A24: 10 | B24: ='Trial Data'!G11 -> 0.032545814 | C24: =$E$5*A24+$E$6 -> -0.16483011
A25: 11 | B25: ='Trial Data'!G12 -> -0.22954028 | C25: =$E$5*A25+$E$6 -> -0.13001895
A28: Data note: the uploaded cumulative CSV snapshots contain 1 dual-axis record and 11 unique Motor 1 single-axis repeatability trials at a quantized command of 15.075°. This summary uses all 11 valid single-axis trials.
